Intresse för Webbsökning. Sökord: cold or flu; flu or cold; cold; flu; cold and flu
Över hela världen; 2004 till i dag

Intresse över tid
Vecka,cold or flu,flu or cold,cold,flu,cold and flu
2004-01-04 - 2004-01-10,0,0,10,2,0
2004-01-11 - 2004-01-17,0,0,10,2,0
2004-01-18 - 2004-01-24,0,0,10,2,0
2004-01-25 - 2004-01-31,0,0,10,3,0
2004-02-01 - 2004-02-07,0,0,9,3,0
2004-02-08 - 2004-02-14,0,0,9,3,0
2004-02-15 - 2004-02-21,0,0,10,2,0
2004-02-22 - 2004-02-28,0,0,10,2,0
2004-02-29 - 2004-03-06,0,0,10,1,0
2004-03-07 - 2004-03-13,0,0,8,1,0
2004-03-14 - 2004-03-20,0,0,8,1,0
2004-03-21 - 2004-03-27,0,0,8,1,0
2004-03-28 - 2004-04-03,0,0,8,1,0
2004-04-04 - 2004-04-10,0,0,8,1,0
2004-04-11 - 2004-04-17,0,0,8,1,0
2004-04-18 - 2004-04-24,0,0,8,1,0
2004-04-25 - 2004-05-01,0,0,8,1,0
2004-05-02 - 2004-05-08,0,0,8,1,0
2004-05-09 - 2004-05-15,0,0,8,1,0
2004-05-16 - 2004-05-22,0,0,8,1,0
2004-05-23 - 2004-05-29,0,0,7,1,0
2004-05-30 - 2004-06-05,0,0,8,1,0
2004-06-06 - 2004-06-12,0,0,7,1,0
2004-06-13 - 2004-06-19,0,0,7,0,0
2004-06-20 - 2004-06-26,0,0,7,1,0
2004-06-27 - 2004-07-03,0,0,7,0,0
2004-07-04 - 2004-07-10,0,0,7,1,0
2004-07-11 - 2004-07-17,0,0,7,1,0
2004-07-18 - 2004-07-24,0,0,7,1,0
2004-07-25 - 2004-07-31,0,0,7,0,0
2004-08-01 - 2004-08-07,0,0,7,1,0
2004-08-08 - 2004-08-14,0,0,7,1,0
2004-08-15 - 2004-08-21,0,0,7,1,0
2004-08-22 - 2004-08-28,0,0,7,1,0
2004-08-29 - 2004-09-04,0,0,7,1,0
2004-09-05 - 2004-09-11,0,0,7,1,0
2004-09-12 - 2004-09-18,0,0,7,1,0
2004-09-19 - 2004-09-25,0,0,7,1,0
2004-09-26 - 2004-10-02,0,0,7,2,0
2004-10-03 - 2004-10-09,0,0,7,5,0
2004-10-10 - 2004-10-16,0,0,7,7,0
2004-10-17 - 2004-10-23,0,0,7,7,0
2004-10-24 - 2004-10-30,0,0,7,5,0
2004-10-31 - 2004-11-06,0,0,7,3,0
2004-11-07 - 2004-11-13,0,0,8,3,0
2004-11-14 - 2004-11-20,0,0,8,2,0
2004-11-21 - 2004-11-27,0,0,7,2,0
2004-11-28 - 2004-12-04,0,0,8,2,0
2004-12-05 - 2004-12-11,0,0,8,2,0
2004-12-12 - 2004-12-18,0,0,9,2,0
2004-12-19 - 2004-12-25,0,0,9,2,0
2004-12-26 - 2005-01-01,0,0,8,2,0
2005-01-02 - 2005-01-08,0,0,8,2,0
2005-01-09 - 2005-01-15,0,0,8,2,0
2005-01-16 - 2005-01-22,0,0,9,2,0
2005-01-23 - 2005-01-29,0,0,8,2,0
2005-01-30 - 2005-02-05,0,0,8,3,0
2005-02-06 - 2005-02-12,0,0,8,3,0
2005-02-13 - 2005-02-19,0,0,8,3,0
2005-02-20 - 2005-02-26,0,0,8,3,0
2005-02-27 - 2005-03-05,0,0,8,3,0
2005-03-06 - 2005-03-12,0,0,8,2,0
2005-03-13 - 2005-03-19,0,0,8,2,0
2005-03-20 - 2005-03-26,0,0,8,2,0
2005-03-27 - 2005-04-02,0,0,8,1,0
2005-04-03 - 2005-04-09,0,0,8,1,0
2005-04-10 - 2005-04-16,0,0,8,1,0
2005-04-17 - 2005-04-23,0,0,8,1,0
2005-04-24 - 2005-04-30,0,0,9,1,0
2005-05-01 - 2005-05-07,0,0,9,1,0
2005-05-08 - 2005-05-14,0,0,8,1,0
2005-05-15 - 2005-05-21,0,0,8,1,0
2005-05-22 - 2005-05-28,0,0,8,1,0
2005-05-29 - 2005-06-04,0,0,7,1,0
2005-06-05 - 2005-06-11,0,0,8,1,0
2005-06-12 - 2005-06-18,0,0,8,1,0
2005-06-19 - 2005-06-25,0,0,7,1,0
2005-06-26 - 2005-07-02,0,0,7,1,0
2005-07-03 - 2005-07-09,0,0,7,1,0
2005-07-10 - 2005-07-16,0,0,7,1,0
2005-07-17 - 2005-07-23,0,0,7,1,0
2005-07-24 - 2005-07-30,0,0,7,1,0
2005-07-31 - 2005-08-06,0,0,7,1,0
2005-08-07 - 2005-08-13,0,0,7,1,0
2005-08-14 - 2005-08-20,0,0,7,1,0
2005-08-21 - 2005-08-27,0,0,7,1,0
2005-08-28 - 2005-09-03,0,0,6,1,0
2005-09-04 - 2005-09-10,0,0,7,1,0
2005-09-11 - 2005-09-17,0,0,7,2,0
2005-09-18 - 2005-09-24,0,0,7,3,0
2005-09-25 - 2005-10-01,0,0,7,4,0
2005-10-02 - 2005-10-08,0,0,8,6,0
2005-10-09 - 2005-10-15,0,0,8,10,0
2005-10-16 - 2005-10-22,0,0,8,10,0
2005-10-23 - 2005-10-29,0,0,8,9,0
2005-10-30 - 2005-11-05,0,0,8,9,0
2005-11-06 - 2005-11-12,0,0,8,7,0
2005-11-13 - 2005-11-19,0,0,8,6,0
2005-11-20 - 2005-11-26,0,0,8,4,0
2005-11-27 - 2005-12-03,0,0,8,4,0
2005-12-04 - 2005-12-10,0,0,9,3,0
2005-12-11 - 2005-12-17,0,0,9,3,0
2005-12-18 - 2005-12-24,0,0,8,2,0
2005-12-25 - 2005-12-31,0,0,7,3,0
2006-01-01 - 2006-01-07,0,0,8,3,0
2006-01-08 - 2006-01-14,0,0,7,4,0
2006-01-15 - 2006-01-21,0,0,7,3,0
2006-01-22 - 2006-01-28,0,0,7,3,0
2006-01-29 - 2006-02-04,0,0,8,3,0
2006-02-05 - 2006-02-11,0,0,7,3,0
2006-02-12 - 2006-02-18,0,0,8,3,0
2006-02-19 - 2006-02-25,0,0,7,5,0
2006-02-26 - 2006-03-04,0,0,8,4,0
2006-03-05 - 2006-03-11,0,0,7,4,0
2006-03-12 - 2006-03-18,0,0,7,4,0
2006-03-19 - 2006-03-25,0,0,7,4,0
2006-03-26 - 2006-04-01,0,0,7,3,0
2006-04-02 - 2006-04-08,0,0,7,3,0
2006-04-09 - 2006-04-15,0,0,7,2,0
2006-04-16 - 2006-04-22,0,0,7,2,0
2006-04-23 - 2006-04-29,0,0,7,2,0
2006-04-30 - 2006-05-06,0,0,7,3,0
2006-05-07 - 2006-05-13,0,0,7,3,0
2006-05-14 - 2006-05-20,0,0,7,2,0
2006-05-21 - 2006-05-27,0,0,6,3,0
2006-05-28 - 2006-06-03,0,0,6,2,0
2006-06-04 - 2006-06-10,0,0,6,2,0
2006-06-11 - 2006-06-17,0,0,6,1,0
2006-06-18 - 2006-06-24,0,0,6,1,0
2006-06-25 - 2006-07-01,0,0,6,1,0
2006-07-02 - 2006-07-08,0,0,6,1,0
2006-07-09 - 2006-07-15,0,0,6,1,0
2006-07-16 - 2006-07-22,0,0,6,1,0
2006-07-23 - 2006-07-29,0,0,6,1,0
2006-07-30 - 2006-08-05,0,0,6,1,0
2006-08-06 - 2006-08-12,0,0,6,1,0
2006-08-13 - 2006-08-19,0,0,6,1,0
2006-08-20 - 2006-08-26,0,0,6,1,0
2006-08-27 - 2006-09-02,0,0,6,1,0
2006-09-03 - 2006-09-09,0,0,6,1,0
2006-09-10 - 2006-09-16,0,0,6,1,0
2006-09-17 - 2006-09-23,0,0,6,1,0
2006-09-24 - 2006-09-30,0,0,6,2,0
2006-10-01 - 2006-10-07,0,0,6,2,0
2006-10-08 - 2006-10-14,0,0,7,3,0
2006-10-15 - 2006-10-21,0,0,6,3,0
2006-10-22 - 2006-10-28,0,0,6,3,0
2006-10-29 - 2006-11-04,0,0,7,3,0
2006-11-05 - 2006-11-11,0,0,7,3,0
2006-11-12 - 2006-11-18,0,0,6,3,0
2006-11-19 - 2006-11-25,0,0,7,2,0
2006-11-26 - 2006-12-02,0,0,7,3,0
2006-12-03 - 2006-12-09,0,0,8,2,0
2006-12-10 - 2006-12-16,0,0,7,2,0
2006-12-17 - 2006-12-23,0,0,7,2,0
2006-12-24 - 2006-12-30,0,0,7,2,0
2006-12-31 - 2007-01-06,0,0,7,2,0
2007-01-07 - 2007-01-13,0,0,7,2,0
2007-01-14 - 2007-01-20,0,0,7,2,0
2007-01-21 - 2007-01-27,0,0,7,2,0
2007-01-28 - 2007-02-03,0,0,7,2,0
2007-02-04 - 2007-02-10,0,0,8,3,0
2007-02-11 - 2007-02-17,0,0,7,2,0
2007-02-18 - 2007-02-24,0,0,7,2,0
2007-02-25 - 2007-03-03,0,0,6,2,0
2007-03-04 - 2007-03-10,0,0,7,2,0
2007-03-11 - 2007-03-17,0,0,6,1,0
2007-03-18 - 2007-03-24,0,0,6,1,0
2007-03-25 - 2007-03-31,0,0,6,1,0
2007-04-01 - 2007-04-07,0,0,6,1,0
2007-04-08 - 2007-04-14,0,0,6,1,0
2007-04-15 - 2007-04-21,0,0,6,1,0
2007-04-22 - 2007-04-28,0,0,6,1,0
2007-04-29 - 2007-05-05,0,0,6,1,0
2007-05-06 - 2007-05-12,0,0,7,1,0
2007-05-13 - 2007-05-19,0,0,6,1,0
2007-05-20 - 2007-05-26,0,0,6,1,0
2007-05-27 - 2007-06-02,0,0,6,1,0
2007-06-03 - 2007-06-09,0,0,6,1,0
2007-06-10 - 2007-06-16,0,0,6,1,0
2007-06-17 - 2007-06-23,0,0,5,1,0
2007-06-24 - 2007-06-30,0,0,6,1,0
2007-07-01 - 2007-07-07,0,0,5,1,0
2007-07-08 - 2007-07-14,0,0,6,1,0
2007-07-15 - 2007-07-21,0,0,6,1,0
2007-07-22 - 2007-07-28,0,0,6,1,0
2007-07-29 - 2007-08-04,0,0,5,1,0
2007-08-05 - 2007-08-11,0,0,6,1,0
2007-08-12 - 2007-08-18,0,0,6,1,0
2007-08-19 - 2007-08-25,0,0,6,1,0
2007-08-26 - 2007-09-01,0,0,5,1,0
2007-09-02 - 2007-09-08,0,0,6,1,0
2007-09-09 - 2007-09-15,0,0,6,1,0
2007-09-16 - 2007-09-22,0,0,6,1,0
2007-09-23 - 2007-09-29,0,0,6,1,0
2007-09-30 - 2007-10-06,0,0,6,2,0
2007-10-07 - 2007-10-13,0,0,6,2,0
2007-10-14 - 2007-10-20,0,0,6,3,0
2007-10-21 - 2007-10-27,0,0,6,3,0
2007-10-28 - 2007-11-03,0,0,6,3,0
2007-11-04 - 2007-11-10,0,0,6,3,0
2007-11-11 - 2007-11-17,0,0,7,3,0
2007-11-18 - 2007-11-24,0,0,7,2,0
2007-11-25 - 2007-12-01,0,0,8,2,0
2007-12-02 - 2007-12-08,0,0,8,2,0
2007-12-09 - 2007-12-15,0,0,7,2,0
2007-12-16 - 2007-12-22,0,0,7,2,0
2007-12-23 - 2007-12-29,0,0,6,2,0
2007-12-30 - 2008-01-05,0,0,8,2,0
2008-01-06 - 2008-01-12,0,0,7,2,0
2008-01-13 - 2008-01-19,0,0,7,2,0
2008-01-20 - 2008-01-26,0,0,7,2,0
2008-01-27 - 2008-02-02,0,0,7,2,0
2008-02-03 - 2008-02-09,0,0,7,3,0
2008-02-10 - 2008-02-16,0,0,7,3,0
2008-02-17 - 2008-02-23,0,0,6,3,0
2008-02-24 - 2008-03-01,0,0,6,3,0
2008-03-02 - 2008-03-08,0,0,6,2,0
2008-03-09 - 2008-03-15,0,0,6,2,0
2008-03-16 - 2008-03-22,0,0,6,2,0
2008-03-23 - 2008-03-29,0,0,6,1,0
2008-03-30 - 2008-04-05,0,0,6,1,0
2008-04-06 - 2008-04-12,0,0,6,1,0
2008-04-13 - 2008-04-19,0,0,6,1,0
2008-04-20 - 2008-04-26,0,0,6,1,0
2008-04-27 - 2008-05-03,0,0,6,1,0
2008-05-04 - 2008-05-10,0,0,6,1,0
2008-05-11 - 2008-05-17,0,0,6,1,0
2008-05-18 - 2008-05-24,0,0,6,1,0
2008-05-25 - 2008-05-31,0,0,6,1,0
2008-06-01 - 2008-06-07,0,0,6,1,0
2008-06-08 - 2008-06-14,0,0,6,1,0
2008-06-15 - 2008-06-21,0,0,6,1,0
2008-06-22 - 2008-06-28,0,0,6,1,0
2008-06-29 - 2008-07-05,0,0,5,1,0
2008-07-06 - 2008-07-12,0,0,6,1,0
2008-07-13 - 2008-07-19,0,0,6,1,0
2008-07-20 - 2008-07-26,0,0,6,1,0
2008-07-27 - 2008-08-02,0,0,6,1,0
2008-08-03 - 2008-08-09,0,0,6,1,0
2008-08-10 - 2008-08-16,0,0,6,1,0
2008-08-17 - 2008-08-23,0,0,6,1,0
2008-08-24 - 2008-08-30,0,0,6,1,0
2008-08-31 - 2008-09-06,0,0,6,1,0
2008-09-07 - 2008-09-13,0,0,6,1,0
2008-09-14 - 2008-09-20,0,0,7,1,0
2008-09-21 - 2008-09-27,0,0,7,1,0
2008-09-28 - 2008-10-04,0,0,7,2,0
2008-10-05 - 2008-10-11,0,0,7,2,0
2008-10-12 - 2008-10-18,0,0,7,2,0
2008-10-19 - 2008-10-25,0,0,8,3,0
2008-10-26 - 2008-11-01,0,0,8,3,0
2008-11-02 - 2008-11-08,0,0,8,2,0
2008-11-09 - 2008-11-15,0,0,9,3,0
2008-11-16 - 2008-11-22,0,0,9,2,0
2008-11-23 - 2008-11-29,0,0,9,2,0
2008-11-30 - 2008-12-06,0,0,10,2,0
2008-12-07 - 2008-12-13,0,0,10,2,0
2008-12-14 - 2008-12-20,0,0,10,2,0
2008-12-21 - 2008-12-27,0,0,10,2,0
2008-12-28 - 2009-01-03,0,0,10,2,0
2009-01-04 - 2009-01-10,0,0,10,2,0
2009-01-11 - 2009-01-17,0,0,10,1,0
2009-01-18 - 2009-01-24,0,0,9,1,0
2009-01-25 - 2009-01-31,0,0,9,2,0
2009-02-01 - 2009-02-07,0,0,9,2,0
2009-02-08 - 2009-02-14,0,0,9,2,0
2009-02-15 - 2009-02-21,0,0,8,2,0
2009-02-22 - 2009-02-28,0,0,8,2,0
2009-03-01 - 2009-03-07,0,0,8,2,0
2009-03-08 - 2009-03-14,0,0,8,1,0
2009-03-15 - 2009-03-21,0,0,8,1,0
2009-03-22 - 2009-03-28,0,0,8,1,0
2009-03-29 - 2009-04-04,0,0,8,1,0
2009-04-05 - 2009-04-11,0,0,8,1,0
2009-04-12 - 2009-04-18,0,0,7,1,0
2009-04-19 - 2009-04-25,0,0,8,4,0
2009-04-26 - 2009-05-02,0,0,8,100,0
2009-05-03 - 2009-05-09,0,0,7,29,0
2009-05-10 - 2009-05-16,0,0,7,11,0
2009-05-17 - 2009-05-23,0,0,7,9,0
2009-05-24 - 2009-05-30,0,0,7,7,0
2009-05-31 - 2009-06-06,0,0,7,7,0
2009-06-07 - 2009-06-13,0,0,7,8,0
2009-06-14 - 2009-06-20,0,0,6,8,0
2009-06-21 - 2009-06-27,0,0,6,6,0
2009-06-28 - 2009-07-04,0,0,6,7,0
2009-07-05 - 2009-07-11,0,0,6,8,0
2009-07-12 - 2009-07-18,0,0,6,14,0
2009-07-19 - 2009-07-25,0,0,6,14,0
2009-07-26 - 2009-08-01,0,0,7,10,0
2009-08-02 - 2009-08-08,0,0,6,8,0
2009-08-09 - 2009-08-15,0,0,6,12,0
2009-08-16 - 2009-08-22,0,0,6,8,0
2009-08-23 - 2009-08-29,0,0,6,8,0
2009-08-30 - 2009-09-05,0,0,7,9,0
2009-09-06 - 2009-09-12,0,0,6,9,0
2009-09-13 - 2009-09-19,0,0,6,10,0
2009-09-20 - 2009-09-26,0,0,7,11,0
2009-09-27 - 2009-10-03,0,0,7,12,0
2009-10-04 - 2009-10-10,0,0,7,14,0
2009-10-11 - 2009-10-17,0,0,8,15,0
2009-10-18 - 2009-10-24,0,0,7,19,0
2009-10-25 - 2009-10-31,0,0,7,21,0
2009-11-01 - 2009-11-07,0,0,7,17,0
2009-11-08 - 2009-11-14,0,0,7,12,0
2009-11-15 - 2009-11-21,0,0,7,10,0
2009-11-22 - 2009-11-28,0,0,7,7,0
2009-11-29 - 2009-12-05,0,0,8,6,0
2009-12-06 - 2009-12-12,0,0,9,5,0
2009-12-13 - 2009-12-19,0,0,8,4,0
2009-12-20 - 2009-12-26,0,0,8,3,0
2009-12-27 - 2010-01-02,0,0,8,3,0
2010-01-03 - 2010-01-09,0,0,11,3,0
2010-01-10 - 2010-01-16,0,0,8,3,0
2010-01-17 - 2010-01-23,0,0,7,2,0
2010-01-24 - 2010-01-30,0,0,7,2,0
2010-01-31 - 2010-02-06,0,0,7,2,0
2010-02-07 - 2010-02-13,0,0,7,2,0
2010-02-14 - 2010-02-20,0,0,7,2,0
2010-02-21 - 2010-02-27,0,0,7,2,0
2010-02-28 - 2010-03-06,0,0,7,1,0
2010-03-07 - 2010-03-13,0,0,7,1,0
2010-03-14 - 2010-03-20,0,0,7,1,0
2010-03-21 - 2010-03-27,0,0,7,1,0
2010-03-28 - 2010-04-03,0,0,7,1,0
2010-04-04 - 2010-04-10,0,0,7,1,0
2010-04-11 - 2010-04-17,0,0,6,1,0
2010-04-18 - 2010-04-24,0,0,6,1,0
2010-04-25 - 2010-05-01,0,0,7,1,0
2010-05-02 - 2010-05-08,0,0,7,1,0
2010-05-09 - 2010-05-15,0,0,7,1,0
2010-05-16 - 2010-05-22,0,0,6,1,0
2010-05-23 - 2010-05-29,0,0,6,1,0
2010-05-30 - 2010-06-05,0,0,6,1,0
2010-06-06 - 2010-06-12,0,0,6,1,0
2010-06-13 - 2010-06-19,0,0,6,1,0
2010-06-20 - 2010-06-26,0,0,6,1,0
2010-06-27 - 2010-07-03,0,0,6,1,0
2010-07-04 - 2010-07-10,0,0,6,1,0
2010-07-11 - 2010-07-17,0,0,6,1,0
2010-07-18 - 2010-07-24,0,0,6,1,0
2010-07-25 - 2010-07-31,0,0,6,1,0
2010-08-01 - 2010-08-07,0,0,6,1,0
2010-08-08 - 2010-08-14,0,0,6,1,0
2010-08-15 - 2010-08-21,0,0,6,1,0
2010-08-22 - 2010-08-28,0,0,6,1,0
2010-08-29 - 2010-09-04,0,0,6,1,0
2010-09-05 - 2010-09-11,0,0,6,2,0
2010-09-12 - 2010-09-18,0,0,7,2,0
2010-09-19 - 2010-09-25,0,0,7,2,0
2010-09-26 - 2010-10-02,0,0,7,2,0
2010-10-03 - 2010-10-09,0,0,7,2,0
2010-10-10 - 2010-10-16,0,0,7,2,0
2010-10-17 - 2010-10-23,0,0,7,2,0
2010-10-24 - 2010-10-30,0,0,7,2,0
2010-10-31 - 2010-11-06,0,0,7,2,0
2010-11-07 - 2010-11-13,0,0,7,2,0
2010-11-14 - 2010-11-20,0,0,7,2,0
2010-11-21 - 2010-11-27,0,0,8,2,0
2010-11-28 - 2010-12-04,0,0,9,2,0
2010-12-05 - 2010-12-11,0,0,9,2,0
2010-12-12 - 2010-12-18,0,0,9,2,0
2010-12-19 - 2010-12-25,0,0,9,3,0
2010-12-26 - 2011-01-01,0,0,8,4,0
2011-01-02 - 2011-01-08,0,0,8,4,0
2011-01-09 - 2011-01-15,0,0,8,3,0
2011-01-16 - 2011-01-22,0,0,8,3,0
2011-01-23 - 2011-01-29,0,0,8,2,0
2011-01-30 - 2011-02-05,0,0,8,2,0
2011-02-06 - 2011-02-12,0,0,8,2,0
2011-02-13 - 2011-02-19,0,0,7,2,0
2011-02-20 - 2011-02-26,0,0,7,2,0
2011-02-27 - 2011-03-05,0,0,7,2,0
2011-03-06 - 2011-03-12,0,0,7,2,0
2011-03-13 - 2011-03-19,0,0,7,2,0
2011-03-20 - 2011-03-26,0,0,7,1,0
2011-03-27 - 2011-04-02,0,0,7,1,0
2011-04-03 - 2011-04-09,0,0,7,1,0
2011-04-10 - 2011-04-16,0,0,7,1,0
2011-04-17 - 2011-04-23,0,0,7,1,0
2011-04-24 - 2011-04-30,0,0,7,1,0
2011-05-01 - 2011-05-07,0,0,7,1,0
2011-05-08 - 2011-05-14,0,0,7,1,0
2011-05-15 - 2011-05-21,0,0,7,1,0
2011-05-22 - 2011-05-28,0,0,7,1,0
2011-05-29 - 2011-06-04,0,0,6,1,0
2011-06-05 - 2011-06-11,0,0,6,1,0
2011-06-12 - 2011-06-18,0,0,6,1,0
2011-06-19 - 2011-06-25,0,0,6,1,0
2011-06-26 - 2011-07-02,0,0,6,1,0
2011-07-03 - 2011-07-09,0,0,6,1,0
2011-07-10 - 2011-07-16,0,0,6,1,0
2011-07-17 - 2011-07-23,0,0,7,1,0
2011-07-24 - 2011-07-30,0,0,6,1,0
2011-07-31 - 2011-08-06,0,0,7,1,0
2011-08-07 - 2011-08-13,0,0,6,1,0
2011-08-14 - 2011-08-20,0,0,6,1,0
2011-08-21 - 2011-08-27,0,0,6,1,0
2011-08-28 - 2011-09-03,0,0,6,1,0
2011-09-04 - 2011-09-10,0,0,6,1,0
2011-09-11 - 2011-09-17,0,0,7,1,0
2011-09-18 - 2011-09-24,0,0,7,2,0
2011-09-25 - 2011-10-01,0,0,7,2,0
2011-10-02 - 2011-10-08,0,0,7,2,0
2011-10-09 - 2011-10-15,0,0,6,2,0
2011-10-16 - 2011-10-22,0,0,7,2,0
2011-10-23 - 2011-10-29,0,0,7,2,0
2011-10-30 - 2011-11-05,0,0,8,2,0
2011-11-06 - 2011-11-12,0,0,8,2,0
2011-11-13 - 2011-11-19,0,0,8,2,0
2011-11-20 - 2011-11-26,0,0,7,2,0
2011-11-27 - 2011-12-03,0,0,8,2,0
2011-12-04 - 2011-12-10,0,0,8,2,0
2011-12-11 - 2011-12-17,0,0,8,2,0
2011-12-18 - 2011-12-24,0,0,8,2,0
2011-12-25 - 2011-12-31,0,0,8,2,0
2012-01-01 - 2012-01-07,0,0,8,2,0
2012-01-08 - 2012-01-14,0,0,8,2,0
2012-01-15 - 2012-01-21,0,0,8,2,0
2012-01-22 - 2012-01-28,0,0,7,2,0
2012-01-29 - 2012-02-04,0,0,8,2,0
2012-02-05 - 2012-02-11,0,0,8,2,0
2012-02-12 - 2012-02-18,0,0,8,2,0
2012-02-19 - 2012-02-25,0,0,7,2,0
2012-02-26 - 2012-03-03,0,0,7,2,0
2012-03-04 - 2012-03-10,0,0,7,2,0
2012-03-11 - 2012-03-17,0,0,7,2,0
2012-03-18 - 2012-03-24,0,0,7,1,0
2012-03-25 - 2012-03-31,0,0,7,1,0
2012-04-01 - 2012-04-07,0,0,7,1,0
2012-04-08 - 2012-04-14,0,0,7,1,0
2012-04-15 - 2012-04-21,0,0,7,1,0
2012-04-22 - 2012-04-28,0,0,7,1,0
2012-04-29 - 2012-05-05,0,0,7,1,0
2012-05-06 - 2012-05-12,0,0,7,1,0
2012-05-13 - 2012-05-19,0,0,7,1,0
2012-05-20 - 2012-05-26,0,0,7,1,0
2012-05-27 - 2012-06-02,0,0,7,1,0
2012-06-03 - 2012-06-09,0,0,6,1,0
2012-06-10 - 2012-06-16,0,0,6,1,0
2012-06-17 - 2012-06-23,0,0,6,1,0
2012-06-24 - 2012-06-30,0,0,6,1,0
2012-07-01 - 2012-07-07,0,0,6,1,0
2012-07-08 - 2012-07-14,0,0,6,1,0
2012-07-15 - 2012-07-21,0,0,6,1,0
2012-07-22 - 2012-07-28,0,0,6,1,0
2012-07-29 - 2012-08-04,0,0,6,1,0
2012-08-05 - 2012-08-11,0,0,7,1,0
2012-08-12 - 2012-08-18,0,0,7,1,0
2012-08-19 - 2012-08-25,0,0,7,1,0
2012-08-26 - 2012-09-01,0,0,7,1,0
2012-09-02 - 2012-09-08,0,0,7,1,0
2012-09-09 - 2012-09-15,0,0,7,1,0
2012-09-16 - 2012-09-22,0,0,7,2,0
2012-09-23 - 2012-09-29,0,0,8,2,0
2012-09-30 - 2012-10-06,0,0,7,2,0
2012-10-07 - 2012-10-13,0,0,8,2,0
2012-10-14 - 2012-10-20,0,0,7,3,0
2012-10-21 - 2012-10-27,0,0,7,2,0
2012-10-28 - 2012-11-03,0,0,8,2,0
2012-11-04 - 2012-11-10,0,0,8,2,0
2012-11-11 - 2012-11-17,0,0,8,2,0
2012-11-18 - 2012-11-24,0,0,8,2,0
2012-11-25 - 2012-12-01,0,0,9,2,0
2012-12-02 - 2012-12-08,0,0,8,3,0
2012-12-09 - 2012-12-15,0,0,9,3,0
2012-12-16 - 2012-12-22,0,0,9,3,0
2012-12-23 - 2012-12-29,0,0,9,3,0
2012-12-30 - 2013-01-05,0,0,10,4,0
2013-01-06 - 2013-01-12,0,0,9,10,0
2013-01-13 - 2013-01-19,0,0,9,8,0
2013-01-20 - 2013-01-26,0,0,10,5,0
2013-01-27 - 2013-02-02,0,0,9,4,0
2013-02-03 - 2013-02-09,0,0,8,3,0
2013-02-10 - 2013-02-16,0,0,8,3,0
2013-02-17 - 2013-02-23,0,0,8,2,0
2013-02-24 - 2013-03-02,0,0,7,2,0
2013-03-03 - 2013-03-09,0,0,8,2,0
2013-03-10 - 2013-03-16,0,0,7,2,0
2013-03-17 - 2013-03-23,0,0,8,2,0
2013-03-24 - 2013-03-30,0,0,8,2,0
2013-03-31 - 2013-04-06,0,0,7,2,0
2013-04-07 - 2013-04-13,0,0,7,2,0
2013-04-14 - 2013-04-20,0,0,7,2,0
2013-04-21 - 2013-04-27,0,0,7,1,0
2013-04-28 - 2013-05-04,0,0,7,1,0
2013-05-05 - 2013-05-11,0,0,7,1,0
2013-05-12 - 2013-05-18,0,0,7,1,0
2013-05-19 - 2013-05-25,0,0,7,1,0
2013-05-26 - 2013-06-01,0,0,7,1,0
2013-06-02 - 2013-06-08,0,0,6,1,0
2013-06-09 - 2013-06-15,0,0,6,1,0
2013-06-16 - 2013-06-22,0,0,6,1,0
2013-06-23 - 2013-06-29,0,0,6,1,0
2013-06-30 - 2013-07-06,0,0,6,1,0
2013-07-07 - 2013-07-13,0,0,6,1,0
2013-07-14 - 2013-07-20,0,0,7,1,0
2013-07-21 - 2013-07-27,0,0,6,1,0
2013-07-28 - 2013-08-03,0,0,6,1,0
2013-08-04 - 2013-08-10,0,0,6,1,0
2013-08-11 - 2013-08-17,0,0,6,1,0
2013-08-18 - 2013-08-24,0,0,6,1,0
2013-08-25 - 2013-08-31,0,0,6,1,0
2013-09-01 - 2013-09-07,0,0,7,1,0
2013-09-08 - 2013-09-14,0,0,7,2,0
2013-09-15 - 2013-09-21,0,0,7,2,0
2013-09-22 - 2013-09-28,0,0,7,2,0
2013-09-29 - 2013-10-05,0,0,7,3,0
2013-10-06 - 2013-10-12,0,0,7,3,0
2013-10-13 - 2013-10-19,0,0,7,3,0
2013-10-20 - 2013-10-26,0,0,7,3,0
2013-10-27 - 2013-11-02,0,0,7,3,0
2013-11-03 - 2013-11-09,0,0,7,3,0
2013-11-10 - 2013-11-16,0,0,8,2,0
2013-11-17 - 2013-11-23,0,0,8,2,0
2013-11-24 - 2013-11-30,0,0,9,2,0
2013-12-01 - 2013-12-07,0,0,9,2,0
2013-12-08 - 2013-12-14,0,0,10,2,0
2013-12-15 - 2013-12-21,0,0,9,3,0
2013-12-22 - 2013-12-28,0,0,9,3,0
2013-12-29 - 2014-01-04,0,0,11,4,0
2014-01-05 - 2014-01-11,0,0,13,5,0
2014-01-12 - 2014-01-18,0,0,8,4,0
2014-01-19 - 2014-01-25,0,0,10,4,0
2014-01-26 - 2014-02-01,0,0,10,3,0
2014-02-02 - 2014-02-08,0,0,8,3,0
2014-02-09 - 2014-02-15,0,0,8,2,0
2014-02-16 - 2014-02-22,0,0,8,2,0
2014-02-23 - 2014-03-01,0,0,8,2,0
2014-03-02 - 2014-03-08,0,0,8,2,0
2014-03-09 - 2014-03-15,0,0,8,2,0
2014-03-16 - 2014-03-22,0,0,7,2,0
2014-03-23 - 2014-03-29,0,0,7,2,0
2014-03-30 - 2014-04-05,0,0,7,2,0
2014-04-06 - 2014-04-12,0,0,7,2,0
2014-04-13 - 2014-04-19,0,0,8,1,0
2014-04-20 - 2014-04-26,0,0,8,1,0
2014-04-27 - 2014-05-03,0,0,8,1,0
2014-05-04 - 2014-05-10,0,0,8,1,0
2014-05-11 - 2014-05-17,0,0,7,1,0
2014-05-18 - 2014-05-24,0,0,7,1,0
2014-05-25 - 2014-05-31,0,0,7,1,0
2014-06-01 - 2014-06-07,0,0,7,1,0
2014-06-08 - 2014-06-14,0,0,7,1,0
2014-06-15 - 2014-06-21,0,0,6,1,0
2014-06-22 - 2014-06-28,0,0,7,1,0
2014-06-29 - 2014-07-05,0,0,7,1,0
2014-07-06 - 2014-07-12,0,0,7,1,0
2014-07-13 - 2014-07-19,0,0,7,1,0
2014-07-20 - 2014-07-26,0,0,7,1,0
2014-07-27 - 2014-08-02,0,0,7,1,0
2014-08-03 - 2014-08-09,0,0,7,1,0
2014-08-10 - 2014-08-16,0,0,7,1,0
2014-08-17 - 2014-08-23,0,0,7,1,0
2014-08-24 - 2014-08-30,0,0,7,1,0
2014-08-31 - 2014-09-06,0,0,7,1,0
2014-09-07 - 2014-09-13,0,0,7,2,0
2014-09-14 - 2014-09-20,0,0,7,2,0
2014-09-21 - 2014-09-27,0,0,7,2,0
2014-09-28 - 2014-10-04,0,0,7,3,0
2014-10-05 - 2014-10-11,0,0,7,3,0
2014-10-12 - 2014-10-18,0,0,7,4,0
2014-10-19 - 2014-10-25,0,0,7,3,0
2014-10-26 - 2014-11-01,0,0,8,3,0
2014-11-02 - 2014-11-08,0,0,8,3,0
2014-11-09 - 2014-11-15,0,0,9,2,0
2014-11-16 - 2014-11-22,0,0,10,2,0
2014-11-23 - 2014-11-29,0,0,8,2,0
2014-11-30 - 2014-12-06,0,0,9,3,0
2014-12-07 - 2014-12-13,0,0,9,3,0
2014-12-14 - 2014-12-20,0,0,9,4,0
2014-12-21 - 2014-12-27,0,0,9,4,0
2014-12-28 - 2015-01-03,0,0,11,5,0
2015-01-04 - 2015-01-10,0,0,11,4,0
2015-01-11 - 2015-01-17,0,0,9,3,0


Bästa områden för cold or flu
Region,cold or flu,flu or cold,cold,flu,cold and flu
USA,100,100,100,100,35
Kanada,90,90,88,84,42
Australien,61,61,72,62,100
Storbritannien,54,54,67,73,38
Förenade Arabemiraten,0,0,32,28,43
Afghanistan,0,0,22,0,0
Antigua och Barbuda,0,0,56,0,0
Albanien,0,0,11,0,0
Armenien,0,0,7,0,0
Angola,0,0,10,0,0
Argentina,0,0,9,2,0
Österrike,0,0,12,4,0
Aruba,0,0,36,0,0
Azerbajdzjan,0,0,6,0,0
Bosnien och Hercegovina,0,0,9,3,0
Barbados,0,0,63,49,0
Bangladesh,0,0,18,9,0
Belgien,0,0,12,5,0
Bulgarien,0,0,11,3,0
Bahrain,0,0,24,25,0
Bermuda,0,0,63,0,0
Brunei,0,0,37,40,0
Bolivia,0,0,15,5,0
Brasilien,0,0,9,18,0
Bahamas,0,0,61,53,0
Bhutan,0,0,59,0,0
Botswana,0,0,42,47,0
Vitryssland,0,0,6,0,0
Belize,0,0,61,71,0
Schweiz,0,0,11,8,0
Chile,0,0,11,6,0
Kamerun,0,0,8,0,0
Kina,0,0,5,3,0
Colombia,0,0,7,2,0
Costa Rica,0,0,14,7,0
Cypern,0,0,22,18,0
Tjeckien,0,0,13,4,0
Tyskland,0,0,12,5,1
Danmark,0,0,15,5,0
Dominica,0,0,69,0,0
Dominikanska republiken,0,0,9,4,0
Algeriet,0,0,5,1,0
Ecuador,0,0,9,4,0
Estland,0,0,19,7,0
Egypten,0,0,9,10,12
Spanien,0,0,10,3,0
Etiopien,0,0,21,14,0
Finland,0,0,14,7,0
Fiji,0,0,42,0,0
Frankrike,0,0,9,4,0
Grenada,0,0,77,0,0
Georgien,0,0,12,0,0
Guernsey,0,0,65,0,0
Ghana,0,0,31,15,0
Gibraltar,0,0,44,0,0
Grekland,0,0,14,7,33
Guatemala,0,0,12,4,0
Guam,0,0,72,64,0
Guyana,0,0,63,0,0
Hongkong,0,0,25,31,0
Honduras,0,0,14,0,0
Kroatien,0,0,13,5,0
Ungern,0,0,11,3,0
Indonesien,0,0,14,57,0
Irland,0,0,50,62,45
Israel,0,0,10,5,0
Isle of Man,0,0,67,0,0
Indien,0,0,31,19,10
Irak,0,0,5,4,0
Iran,0,0,8,2,0
Island,0,0,32,18,0
Italien,0,0,11,4,0
Jersey,0,0,59,0,0
Jamaica,0,0,52,43,0
Jordanien,0,0,11,10,0
Japan,0,0,4,2,0
Kenya,0,0,41,30,0
Kirgizistan,0,0,7,0,0
Kambodja,0,0,18,15,0
S:t Kitts och Nevis,0,0,82,0,0
Sydkorea,0,0,14,8,0
Kuwait,0,0,19,17,0
Caymanöarna,0,0,62,0,0
Kazakstan,0,0,5,0,0
Laos,0,0,10,0,0
Libanon,0,0,30,28,0
S:t Lucia,0,0,58,0,0
Sri Lanka,0,0,18,9,0
Litauen,0,0,11,4,0
Luxemburg,0,0,13,8,0
Lettland,0,0,13,4,0
Libyen,0,0,6,0,0
Marocko,0,0,6,2,0
Moldavien,0,0,6,0,0
Montenegro,0,0,9,0,0
Makedonien,0,0,14,7,0
Myanmar (Burma),0,0,14,0,0
Mongoliet,0,0,19,0,0
Macao,0,0,15,0,0
Malta,0,0,42,48,0
Mauritius,0,0,29,26,0
Maldiverna,0,0,41,0,0
Malawi,0,0,28,0,0
Mexiko,0,0,13,5,0
Malaysia,0,0,25,22,10
Moçambique,0,0,12,0,0
Namibia,0,0,39,42,0
Nigeria,0,0,32,13,0
Nicaragua,0,0,10,0,0
Nederländerna,0,0,14,6,0
Norge,0,0,21,9,0
Nepal,0,0,35,28,0
Nya Zeeland,0,0,54,57,48
Oman,0,0,16,14,0
Panama,0,0,13,5,0
Peru,0,0,11,2,0
Papua Nya Guinea,0,0,31,0,0
Filippinerna,0,0,46,32,13
Pakistan,0,0,21,17,0
Polen,0,0,10,2,0
Puerto Rico,0,0,26,14,0
Palestina,0,0,4,0,0
Portugal,0,0,11,4,0
Paraguay,0,0,9,0,0
Qatar,0,0,24,19,0
Réunion,0,0,6,0,0
Rumänien,0,0,10,6,0
Serbien,0,0,10,5,0
Ryssland,0,0,7,1,0
Rwanda,0,0,17,0,0
Saudiarabien,0,0,8,6,9
Sudan,0,0,6,0,0
Sverige,0,0,16,6,0
Singapore,0,0,83,71,30
S:t Helena,0,0,26,0,0
Slovenien,0,0,12,4,0
Slovakien,0,0,9,2,0
Senegal,0,0,6,0,0
Surinam,0,0,19,0,0
El Salvador,0,0,11,0,0
Syrien,0,0,7,0,0
Thailand,0,0,9,4,0
Tunisien,0,0,7,3,0
Turkiet,0,0,8,4,0
Trinidad och Tobago,0,0,65,47,0
Taiwan,0,0,13,5,0
Tanzania,0,0,17,12,0
Ukraina,0,0,6,1,0
Uganda,0,0,26,28,0
Uruguay,0,0,8,0,0
Uzbekistan,0,0,5,0,0
S:t Vincent och Grenadinerna,0,0,62,0,0
Venezuela,0,0,6,3,0
Amerikanska Jungfruöarna,0,0,62,0,0
Vietnam,0,0,6,3,0
Kosovo,0,0,9,0,0
Jemen,0,0,4,0,0
Sydafrika,0,0,49,58,41
Zambia,0,0,36,38,0
Zimbabwe,0,0,36,35,0

Bästa områden för flu or cold
Region,cold or flu,flu or cold,cold,flu,cold and flu
USA,100,100,100,100,35
Kanada,90,90,88,84,42
Australien,61,61,72,62,100
Storbritannien,54,54,67,73,38
Förenade Arabemiraten,0,0,32,28,43
Afghanistan,0,0,22,0,0
Antigua och Barbuda,0,0,56,0,0
Albanien,0,0,11,0,0
Armenien,0,0,7,0,0
Angola,0,0,10,0,0
Argentina,0,0,9,2,0
Österrike,0,0,12,4,0
Aruba,0,0,36,0,0
Azerbajdzjan,0,0,6,0,0
Bosnien och Hercegovina,0,0,9,3,0
Barbados,0,0,63,49,0
Bangladesh,0,0,18,9,0
Belgien,0,0,12,5,0
Bulgarien,0,0,11,3,0
Bahrain,0,0,24,25,0
Bermuda,0,0,63,0,0
Brunei,0,0,37,40,0
Bolivia,0,0,15,5,0
Brasilien,0,0,9,18,0
Bahamas,0,0,61,53,0
Bhutan,0,0,59,0,0
Botswana,0,0,42,47,0
Vitryssland,0,0,6,0,0
Belize,0,0,61,71,0
Schweiz,0,0,11,8,0
Chile,0,0,11,6,0
Kamerun,0,0,8,0,0
Kina,0,0,5,3,0
Colombia,0,0,7,2,0
Costa Rica,0,0,14,7,0
Cypern,0,0,22,18,0
Tjeckien,0,0,13,4,0
Tyskland,0,0,12,5,1
Danmark,0,0,15,5,0
Dominica,0,0,69,0,0
Dominikanska republiken,0,0,9,4,0
Algeriet,0,0,5,1,0
Ecuador,0,0,9,4,0
Estland,0,0,19,7,0
Egypten,0,0,9,10,12
Spanien,0,0,10,3,0
Etiopien,0,0,21,14,0
Finland,0,0,14,7,0
Fiji,0,0,42,0,0
Frankrike,0,0,9,4,0
Grenada,0,0,77,0,0
Georgien,0,0,12,0,0
Guernsey,0,0,65,0,0
Ghana,0,0,31,15,0
Gibraltar,0,0,44,0,0
Grekland,0,0,14,7,33
Guatemala,0,0,12,4,0
Guam,0,0,72,64,0
Guyana,0,0,63,0,0
Hongkong,0,0,25,31,0
Honduras,0,0,14,0,0
Kroatien,0,0,13,5,0
Ungern,0,0,11,3,0
Indonesien,0,0,14,57,0
Irland,0,0,50,62,45
Israel,0,0,10,5,0
Isle of Man,0,0,67,0,0
Indien,0,0,31,19,10
Irak,0,0,5,4,0
Iran,0,0,8,2,0
Island,0,0,32,18,0
Italien,0,0,11,4,0
Jersey,0,0,59,0,0
Jamaica,0,0,52,43,0
Jordanien,0,0,11,10,0
Japan,0,0,4,2,0
Kenya,0,0,41,30,0
Kirgizistan,0,0,7,0,0
Kambodja,0,0,18,15,0
S:t Kitts och Nevis,0,0,82,0,0
Sydkorea,0,0,14,8,0
Kuwait,0,0,19,17,0
Caymanöarna,0,0,62,0,0
Kazakstan,0,0,5,0,0
Laos,0,0,10,0,0
Libanon,0,0,30,28,0
S:t Lucia,0,0,58,0,0
Sri Lanka,0,0,18,9,0
Litauen,0,0,11,4,0
Luxemburg,0,0,13,8,0
Lettland,0,0,13,4,0
Libyen,0,0,6,0,0
Marocko,0,0,6,2,0
Moldavien,0,0,6,0,0
Montenegro,0,0,9,0,0
Makedonien,0,0,14,7,0
Myanmar (Burma),0,0,14,0,0
Mongoliet,0,0,19,0,0
Macao,0,0,15,0,0
Malta,0,0,42,48,0
Mauritius,0,0,29,26,0
Maldiverna,0,0,41,0,0
Malawi,0,0,28,0,0
Mexiko,0,0,13,5,0
Malaysia,0,0,25,22,10
Moçambique,0,0,12,0,0
Namibia,0,0,39,42,0
Nigeria,0,0,32,13,0
Nicaragua,0,0,10,0,0
Nederländerna,0,0,14,6,0
Norge,0,0,21,9,0
Nepal,0,0,35,28,0
Nya Zeeland,0,0,54,57,48
Oman,0,0,16,14,0
Panama,0,0,13,5,0
Peru,0,0,11,2,0
Papua Nya Guinea,0,0,31,0,0
Filippinerna,0,0,46,32,13
Pakistan,0,0,21,17,0
Polen,0,0,10,2,0
Puerto Rico,0,0,26,14,0
Palestina,0,0,4,0,0
Portugal,0,0,11,4,0
Paraguay,0,0,9,0,0
Qatar,0,0,24,19,0
Réunion,0,0,6,0,0
Rumänien,0,0,10,6,0
Serbien,0,0,10,5,0
Ryssland,0,0,7,1,0
Rwanda,0,0,17,0,0
Saudiarabien,0,0,8,6,9
Sudan,0,0,6,0,0
Sverige,0,0,16,6,0
Singapore,0,0,83,71,30
S:t Helena,0,0,26,0,0
Slovenien,0,0,12,4,0
Slovakien,0,0,9,2,0
Senegal,0,0,6,0,0
Surinam,0,0,19,0,0
El Salvador,0,0,11,0,0
Syrien,0,0,7,0,0
Thailand,0,0,9,4,0
Tunisien,0,0,7,3,0
Turkiet,0,0,8,4,0
Trinidad och Tobago,0,0,65,47,0
Taiwan,0,0,13,5,0
Tanzania,0,0,17,12,0
Ukraina,0,0,6,1,0
Uganda,0,0,26,28,0
Uruguay,0,0,8,0,0
Uzbekistan,0,0,5,0,0
S:t Vincent och Grenadinerna,0,0,62,0,0
Venezuela,0,0,6,3,0
Amerikanska Jungfruöarna,0,0,62,0,0
Vietnam,0,0,6,3,0
Kosovo,0,0,9,0,0
Jemen,0,0,4,0,0
Sydafrika,0,0,49,58,41
Zambia,0,0,36,38,0
Zimbabwe,0,0,36,35,0

Bästa områden för cold
Region,cold or flu,flu or cold,cold,flu,cold and flu
USA,100,100,100,100,35
Kanada,90,90,88,84,42
Singapore,0,0,83,71,30
S:t Kitts och Nevis,0,0,82,0,0
Grenada,0,0,77,0,0
Australien,61,61,72,62,100
Guam,0,0,72,64,0
Dominica,0,0,69,0,0
Isle of Man,0,0,67,0,0
Storbritannien,54,54,67,73,38
Guernsey,0,0,65,0,0
Trinidad och Tobago,0,0,65,47,0
Bermuda,0,0,63,0,0
Barbados,0,0,63,49,0
Guyana,0,0,63,0,0
Caymanöarna,0,0,62,0,0
Amerikanska Jungfruöarna,0,0,62,0,0
S:t Vincent och Grenadinerna,0,0,62,0,0
Belize,0,0,61,71,0
Bahamas,0,0,61,53,0
Bhutan,0,0,59,0,0
Jersey,0,0,59,0,0
S:t Lucia,0,0,58,0,0
Antigua och Barbuda,0,0,56,0,0
Nya Zeeland,0,0,54,57,48
Jamaica,0,0,52,43,0
Irland,0,0,50,62,45
Sydafrika,0,0,49,58,41
Filippinerna,0,0,46,32,13
Gibraltar,0,0,44,0,0
Malta,0,0,42,48,0
Fiji,0,0,42,0,0
Botswana,0,0,42,47,0
Kenya,0,0,41,30,0
Maldiverna,0,0,41,0,0
Namibia,0,0,39,42,0
Brunei,0,0,37,40,0
Aruba,0,0,36,0,0
Zimbabwe,0,0,36,35,0
Zambia,0,0,36,38,0
Nepal,0,0,35,28,0
Nigeria,0,0,32,13,0
Island,0,0,32,18,0
Förenade Arabemiraten,0,0,32,28,43
Ghana,0,0,31,15,0
Papua Nya Guinea,0,0,31,0,0
Indien,0,0,31,19,10
Libanon,0,0,30,28,0
Mauritius,0,0,29,26,0
Malawi,0,0,28,0,0
Uganda,0,0,26,28,0
S:t Helena,0,0,26,0,0
Puerto Rico,0,0,26,14,0
Malaysia,0,0,25,22,10
Hongkong,0,0,25,31,0
Bahrain,0,0,24,25,0
Qatar,0,0,24,19,0
Afghanistan,0,0,22,0,0
Cypern,0,0,22,18,0
Pakistan,0,0,21,17,0
Norge,0,0,21,9,0
Etiopien,0,0,21,14,0
Estland,0,0,19,7,0
Surinam,0,0,19,0,0
Mongoliet,0,0,19,0,0
Kuwait,0,0,19,17,0
Bangladesh,0,0,18,9,0
Sri Lanka,0,0,18,9,0
Kambodja,0,0,18,15,0
Tanzania,0,0,17,12,0
Rwanda,0,0,17,0,0
Oman,0,0,16,14,0
Sverige,0,0,16,6,0
Macao,0,0,15,0,0
Bolivia,0,0,15,5,0
Danmark,0,0,15,5,0
Makedonien,0,0,14,7,0
Costa Rica,0,0,14,7,0
Grekland,0,0,14,7,33
Nederländerna,0,0,14,6,0
Finland,0,0,14,7,0
Honduras,0,0,14,0,0
Myanmar (Burma),0,0,14,0,0
Sydkorea,0,0,14,8,0
Indonesien,0,0,14,57,0
Mexiko,0,0,13,5,0
Taiwan,0,0,13,5,0
Kroatien,0,0,13,5,0
Panama,0,0,13,5,0
Lettland,0,0,13,4,0
Tjeckien,0,0,13,4,0
Luxemburg,0,0,13,8,0
Slovenien,0,0,12,4,0
Georgien,0,0,12,0,0
Tyskland,0,0,12,5,1
Österrike,0,0,12,4,0
Moçambique,0,0,12,0,0
Belgien,0,0,12,5,0
Guatemala,0,0,12,4,0
Litauen,0,0,11,4,0
Portugal,0,0,11,4,0
Chile,0,0,11,6,0
Bulgarien,0,0,11,3,0
Ungern,0,0,11,3,0
El Salvador,0,0,11,0,0
Schweiz,0,0,11,8,0
Italien,0,0,11,4,0
Jordanien,0,0,11,10,0
Peru,0,0,11,2,0
Albanien,0,0,11,0,0
Laos,0,0,10,0,0
Polen,0,0,10,2,0
Serbien,0,0,10,5,0
Rumänien,0,0,10,6,0
Nicaragua,0,0,10,0,0
Israel,0,0,10,5,0
Angola,0,0,10,0,0
Spanien,0,0,10,3,0
Argentina,0,0,9,2,0
Slovakien,0,0,9,2,0
Dominikanska republiken,0,0,9,4,0
Bosnien och Hercegovina,0,0,9,3,0
Ecuador,0,0,9,4,0
Frankrike,0,0,9,4,0
Kosovo,0,0,9,0,0
Brasilien,0,0,9,18,0
Thailand,0,0,9,4,0
Montenegro,0,0,9,0,0
Paraguay,0,0,9,0,0
Egypten,0,0,9,10,12
Uruguay,0,0,8,0,0
Saudiarabien,0,0,8,6,9
Turkiet,0,0,8,4,0
Iran,0,0,8,2,0
Kamerun,0,0,8,0,0
Syrien,0,0,7,0,0
Colombia,0,0,7,2,0
Tunisien,0,0,7,3,0
Ryssland,0,0,7,1,0
Armenien,0,0,7,0,0
Kirgizistan,0,0,7,0,0
Ukraina,0,0,6,1,0
Senegal,0,0,6,0,0
Moldavien,0,0,6,0,0
Sudan,0,0,6,0,0
Vietnam,0,0,6,3,0
Libyen,0,0,6,0,0
Réunion,0,0,6,0,0
Azerbajdzjan,0,0,6,0,0
Marocko,0,0,6,2,0
Venezuela,0,0,6,3,0
Vitryssland,0,0,6,0,0
Kazakstan,0,0,5,0,0
Irak,0,0,5,4,0
Kina,0,0,5,3,0
Algeriet,0,0,5,1,0
Uzbekistan,0,0,5,0,0
Palestina,0,0,4,0,0
Jemen,0,0,4,0,0
Japan,0,0,4,2,0

Bästa områden för flu
Region,cold or flu,flu or cold,cold,flu,cold and flu
USA,100,100,100,100,35
Kanada,90,90,88,84,42
Storbritannien,54,54,67,73,38
Singapore,0,0,83,71,30
Belize,0,0,61,71,0
Guam,0,0,72,64,0
Australien,61,61,72,62,100
Irland,0,0,50,62,45
Sydafrika,0,0,49,58,41
Indonesien,0,0,14,57,0
Nya Zeeland,0,0,54,57,48
Bahamas,0,0,61,53,0
Barbados,0,0,63,49,0
Malta,0,0,42,48,0
Botswana,0,0,42,47,0
Trinidad och Tobago,0,0,65,47,0
Jamaica,0,0,52,43,0
Namibia,0,0,39,42,0
Brunei,0,0,37,40,0
Zambia,0,0,36,38,0
Zimbabwe,0,0,36,35,0
Filippinerna,0,0,46,32,13
Hongkong,0,0,25,31,0
Kenya,0,0,41,30,0
Förenade Arabemiraten,0,0,32,28,43
Libanon,0,0,30,28,0
Uganda,0,0,26,28,0
Nepal,0,0,35,28,0
Mauritius,0,0,29,26,0
Bahrain,0,0,24,25,0
Malaysia,0,0,25,22,10
Indien,0,0,31,19,10
Qatar,0,0,24,19,0
Cypern,0,0,22,18,0
Brasilien,0,0,9,18,0
Island,0,0,32,18,0
Kuwait,0,0,19,17,0
Pakistan,0,0,21,17,0
Ghana,0,0,31,15,0
Kambodja,0,0,18,15,0
Oman,0,0,16,14,0
Etiopien,0,0,21,14,0
Puerto Rico,0,0,26,14,0
Nigeria,0,0,32,13,0
Tanzania,0,0,17,12,0
Egypten,0,0,9,10,12
Jordanien,0,0,11,10,0
Sri Lanka,0,0,18,9,0
Bangladesh,0,0,18,9,0
Norge,0,0,21,9,0
Luxemburg,0,0,13,8,0
Sydkorea,0,0,14,8,0
Schweiz,0,0,11,8,0
Estland,0,0,19,7,0
Makedonien,0,0,14,7,0
Finland,0,0,14,7,0
Grekland,0,0,14,7,33
Costa Rica,0,0,14,7,0
Saudiarabien,0,0,8,6,9
Nederländerna,0,0,14,6,0
Rumänien,0,0,10,6,0
Chile,0,0,11,6,0
Sverige,0,0,16,6,0
Kroatien,0,0,13,5,0
Mexiko,0,0,13,5,0
Panama,0,0,13,5,0
Israel,0,0,10,5,0
Bolivia,0,0,15,5,0
Serbien,0,0,10,5,0
Danmark,0,0,15,5,0
Tyskland,0,0,12,5,1
Belgien,0,0,12,5,0
Taiwan,0,0,13,5,0
Portugal,0,0,11,4,0
Thailand,0,0,9,4,0
Guatemala,0,0,12,4,0
Dominikanska republiken,0,0,9,4,0
Slovenien,0,0,12,4,0
Österrike,0,0,12,4,0
Tjeckien,0,0,13,4,0
Turkiet,0,0,8,4,0
Litauen,0,0,11,4,0
Italien,0,0,11,4,0
Frankrike,0,0,9,4,0
Lettland,0,0,13,4,0
Irak,0,0,5,4,0
Ecuador,0,0,9,4,0
Kina,0,0,5,3,0
Spanien,0,0,10,3,0
Bulgarien,0,0,11,3,0
Ungern,0,0,11,3,0
Bosnien och Hercegovina,0,0,9,3,0
Venezuela,0,0,6,3,0
Tunisien,0,0,7,3,0
Vietnam,0,0,6,3,0
Iran,0,0,8,2,0
Peru,0,0,11,2,0
Japan,0,0,4,2,0
Marocko,0,0,6,2,0
Slovakien,0,0,9,2,0
Polen,0,0,10,2,0
Colombia,0,0,7,2,0
Argentina,0,0,9,2,0
Ukraina,0,0,6,1,0
Algeriet,0,0,5,1,0
Ryssland,0,0,7,1,0
Afghanistan,0,0,22,0,0
Antigua och Barbuda,0,0,56,0,0
Albanien,0,0,11,0,0
Armenien,0,0,7,0,0
Angola,0,0,10,0,0
Aruba,0,0,36,0,0
Azerbajdzjan,0,0,6,0,0
Bermuda,0,0,63,0,0
Bhutan,0,0,59,0,0
Vitryssland,0,0,6,0,0
Kamerun,0,0,8,0,0
Dominica,0,0,69,0,0
Fiji,0,0,42,0,0
Grenada,0,0,77,0,0
Georgien,0,0,12,0,0
Guernsey,0,0,65,0,0
Gibraltar,0,0,44,0,0
Guyana,0,0,63,0,0
Honduras,0,0,14,0,0
Isle of Man,0,0,67,0,0
Jersey,0,0,59,0,0
Kirgizistan,0,0,7,0,0
S:t Kitts och Nevis,0,0,82,0,0
Caymanöarna,0,0,62,0,0
Kazakstan,0,0,5,0,0
Laos,0,0,10,0,0
S:t Lucia,0,0,58,0,0
Libyen,0,0,6,0,0
Moldavien,0,0,6,0,0
Montenegro,0,0,9,0,0
Myanmar (Burma),0,0,14,0,0
Mongoliet,0,0,19,0,0
Macao,0,0,15,0,0
Maldiverna,0,0,41,0,0
Malawi,0,0,28,0,0
Moçambique,0,0,12,0,0
Nicaragua,0,0,10,0,0
Papua Nya Guinea,0,0,31,0,0
Palestina,0,0,4,0,0
Paraguay,0,0,9,0,0
Réunion,0,0,6,0,0
Rwanda,0,0,17,0,0
Sudan,0,0,6,0,0
S:t Helena,0,0,26,0,0
Senegal,0,0,6,0,0
Surinam,0,0,19,0,0
El Salvador,0,0,11,0,0
Syrien,0,0,7,0,0
Uruguay,0,0,8,0,0
Uzbekistan,0,0,5,0,0
S:t Vincent och Grenadinerna,0,0,62,0,0
Amerikanska Jungfruöarna,0,0,62,0,0
Kosovo,0,0,9,0,0
Jemen,0,0,4,0,0

Bästa områden för cold and flu
Region,cold or flu,flu or cold,cold,flu,cold and flu
Australien,61,61,72,62,100
Nya Zeeland,0,0,54,57,48
Irland,0,0,50,62,45
Förenade Arabemiraten,0,0,32,28,43
Kanada,90,90,88,84,42
Sydafrika,0,0,49,58,41
Storbritannien,54,54,67,73,38
USA,100,100,100,100,35
Grekland,0,0,14,7,33
Singapore,0,0,83,71,30
Filippinerna,0,0,46,32,13
Egypten,0,0,9,10,12
Malaysia,0,0,25,22,10
Indien,0,0,31,19,10
Saudiarabien,0,0,8,6,9
Tyskland,0,0,12,5,1
Afghanistan,0,0,22,0,0
Antigua och Barbuda,0,0,56,0,0
Albanien,0,0,11,0,0
Armenien,0,0,7,0,0
Angola,0,0,10,0,0
Argentina,0,0,9,2,0
Österrike,0,0,12,4,0
Aruba,0,0,36,0,0
Azerbajdzjan,0,0,6,0,0
Bosnien och Hercegovina,0,0,9,3,0
Barbados,0,0,63,49,0
Bangladesh,0,0,18,9,0
Belgien,0,0,12,5,0
Bulgarien,0,0,11,3,0
Bahrain,0,0,24,25,0
Bermuda,0,0,63,0,0
Brunei,0,0,37,40,0
Bolivia,0,0,15,5,0
Brasilien,0,0,9,18,0
Bahamas,0,0,61,53,0
Bhutan,0,0,59,0,0
Botswana,0,0,42,47,0
Vitryssland,0,0,6,0,0
Belize,0,0,61,71,0
Schweiz,0,0,11,8,0
Chile,0,0,11,6,0
Kamerun,0,0,8,0,0
Kina,0,0,5,3,0
Colombia,0,0,7,2,0
Costa Rica,0,0,14,7,0
Cypern,0,0,22,18,0
Tjeckien,0,0,13,4,0
Danmark,0,0,15,5,0
Dominica,0,0,69,0,0
Dominikanska republiken,0,0,9,4,0
Algeriet,0,0,5,1,0
Ecuador,0,0,9,4,0
Estland,0,0,19,7,0
Spanien,0,0,10,3,0
Etiopien,0,0,21,14,0
Finland,0,0,14,7,0
Fiji,0,0,42,0,0
Frankrike,0,0,9,4,0
Grenada,0,0,77,0,0
Georgien,0,0,12,0,0
Guernsey,0,0,65,0,0
Ghana,0,0,31,15,0
Gibraltar,0,0,44,0,0
Guatemala,0,0,12,4,0
Guam,0,0,72,64,0
Guyana,0,0,63,0,0
Hongkong,0,0,25,31,0
Honduras,0,0,14,0,0
Kroatien,0,0,13,5,0
Ungern,0,0,11,3,0
Indonesien,0,0,14,57,0
Israel,0,0,10,5,0
Isle of Man,0,0,67,0,0
Irak,0,0,5,4,0
Iran,0,0,8,2,0
Island,0,0,32,18,0
Italien,0,0,11,4,0
Jersey,0,0,59,0,0
Jamaica,0,0,52,43,0
Jordanien,0,0,11,10,0
Japan,0,0,4,2,0
Kenya,0,0,41,30,0
Kirgizistan,0,0,7,0,0
Kambodja,0,0,18,15,0
S:t Kitts och Nevis,0,0,82,0,0
Sydkorea,0,0,14,8,0
Kuwait,0,0,19,17,0
Caymanöarna,0,0,62,0,0
Kazakstan,0,0,5,0,0
Laos,0,0,10,0,0
Libanon,0,0,30,28,0
S:t Lucia,0,0,58,0,0
Sri Lanka,0,0,18,9,0
Litauen,0,0,11,4,0
Luxemburg,0,0,13,8,0
Lettland,0,0,13,4,0
Libyen,0,0,6,0,0
Marocko,0,0,6,2,0
Moldavien,0,0,6,0,0
Montenegro,0,0,9,0,0
Makedonien,0,0,14,7,0
Myanmar (Burma),0,0,14,0,0
Mongoliet,0,0,19,0,0
Macao,0,0,15,0,0
Malta,0,0,42,48,0
Mauritius,0,0,29,26,0
Maldiverna,0,0,41,0,0
Malawi,0,0,28,0,0
Mexiko,0,0,13,5,0
Moçambique,0,0,12,0,0
Namibia,0,0,39,42,0
Nigeria,0,0,32,13,0
Nicaragua,0,0,10,0,0
Nederländerna,0,0,14,6,0
Norge,0,0,21,9,0
Nepal,0,0,35,28,0
Oman,0,0,16,14,0
Panama,0,0,13,5,0
Peru,0,0,11,2,0
Papua Nya Guinea,0,0,31,0,0
Pakistan,0,0,21,17,0
Polen,0,0,10,2,0
Puerto Rico,0,0,26,14,0
Palestina,0,0,4,0,0
Portugal,0,0,11,4,0
Paraguay,0,0,9,0,0
Qatar,0,0,24,19,0
Réunion,0,0,6,0,0
Rumänien,0,0,10,6,0
Serbien,0,0,10,5,0
Ryssland,0,0,7,1,0
Rwanda,0,0,17,0,0
Sudan,0,0,6,0,0
Sverige,0,0,16,6,0
S:t Helena,0,0,26,0,0
Slovenien,0,0,12,4,0
Slovakien,0,0,9,2,0
Senegal,0,0,6,0,0
Surinam,0,0,19,0,0
El Salvador,0,0,11,0,0
Syrien,0,0,7,0,0
Thailand,0,0,9,4,0
Tunisien,0,0,7,3,0
Turkiet,0,0,8,4,0
Trinidad och Tobago,0,0,65,47,0
Taiwan,0,0,13,5,0
Tanzania,0,0,17,12,0
Ukraina,0,0,6,1,0
Uganda,0,0,26,28,0
Uruguay,0,0,8,0,0
Uzbekistan,0,0,5,0,0
S:t Vincent och Grenadinerna,0,0,62,0,0
Venezuela,0,0,6,3,0
Amerikanska Jungfruöarna,0,0,62,0,0
Vietnam,0,0,6,3,0
Kosovo,0,0,9,0,0
Jemen,0,0,4,0,0
Zambia,0,0,36,38,0
Zimbabwe,0,0,36,35,0


Bästa städer för cold or flu
Stad,cold or flu
Ottawa (Kanada),100
Vancouver (Kanada),86
Calgary (Kanada),83
Denver (USA),82
New York (USA),80
San Francisco (USA),80
Austin (USA),78
Toronto (Kanada),78
Seattle (USA),78
Dallas (USA),77
Chicago (USA),77
Los Angeles (USA),75
Phoenix (USA),74
Atlanta (USA),72
Houston (USA),70

Bästa städer för flu or cold
Stad,flu or cold
Ottawa (Kanada),100
Vancouver (Kanada),86
Calgary (Kanada),83
Denver (USA),82
New York (USA),80
San Francisco (USA),80
Austin (USA),78
Toronto (Kanada),78
Seattle (USA),78
Dallas (USA),77
Chicago (USA),77
Los Angeles (USA),75
Phoenix (USA),74
Atlanta (USA),72
Houston (USA),70

Bästa städer för cold
Stad,cold
Edmonton (Kanada),100
Calgary (Kanada),82
New York (USA),76
Chicago (USA),71
Singapore (Singapore),70
Los Angeles (USA),69
Denver (USA),66
San Francisco (USA),65
Boston (USA),65
Philadelphia (USA),65
Toronto (Kanada),64
Seattle (USA),63
Washington (USA),63
San Diego (USA),62
Atlanta (USA),62

Bästa städer för flu
Stad,flu
Brentford (Storbritannien),100
Washington (USA),95
Atlanta (USA),94
Toronto (Kanada),93
Saint Louis (USA),92
New York (USA),92
Boston (USA),90
Dallas (USA),90
Austin (USA),89
San Francisco (USA),89
Phoenix (USA),88
Chicago (USA),87
Seattle (USA),87
San Diego (USA),87
Philadelphia (USA),86

Bästa städer för cold and flu
Stad,cold and flu
Sydney (Australien),100
Melbourne (Australien),98
Brisbane (Australien),90
Perth (Australien),87
Auckland (Nya Zeeland),40
Dubai (Förenade Arabemiraten),40
Dublin (Irland),39
Edmonton (Kanada),39
Vancouver (Kanada),38
Calgary (Kanada),37
Toronto (Kanada),37
London (Storbritannien),34
New York (USA),31
Aten (Grekland),29
Los Angeles (USA),28



Toppsökningar för cold or flu
cold symptoms,100
cold and flu,90
cold or virus,25
allergies or cold,15
cold vs flu,10
fever with cold,10
cold or flu?,10
allergy or cold,5
cold or flue,5
antibiotics for flu,5
flu or cold?,5


Toppsökningar för flu or cold
cold symptoms,100
cold and flu,90
cold or virus,25
allergies or cold,15
cold vs flu,10
fever with cold,10
cold or flu?,10
allergy or cold,5
cold or flue,5
antibiotics for flu,5
flu or cold?,5


Toppsökningar för cold
cold stone,100
cold war,90
cold sore,65
cold lyrics,65
cold water,65
cold weather,65
cold sores,50
the cold war,35
cold play,35
hot and cold,35
cold case,35
cold steel,30
cold symptoms,30
hot n cold,30
cold air intake,25
so cold,25
baby cold,25
cold stone creamery,25
cold blood,20
out cold,20
cold one,20
cold medicine,20
cold feet,20
common cold,20
cold storage,15
cold remedies,15
katy perry,15
cold mountain,15
cold fusion,15
cold cream,15
cold lake,15
head cold,15
cold hands,15
cold turkey,15
cold rock,10
cold cold heart,10
in cold blood,10
herpes,10
cold war kids,10
the cold one,10
coldplay,10
cold harbor,10
cold blooded,10
chest cold,10
cold call,10
cold calling,5
cold virus,5
so cold lyrics,5
sore throat,5
cold fear,5


Toppsökningar för flu
swine flu,100
symptoms,75
flu symptoms,75
the flu,65
flu shot,40
symptoms swine flu,25
stomach flu,25
cold flu,20
flu vaccine,20
symptoms of flu,20
flu shots,15
bird flu,15
flu virus,10
cold and flu,10
h1n1,10
h1n1 flu,10
fever,10
flu 2013,5
swine flu vaccine,5
influenza,5
stomach flu symptoms,5
google flu,5
cdc flu,5
avian flu,5
cdc,5
flu treatment,5
spanish flu,5
cold symptoms,5
flue,5
flu jab,5
pandemic flu,5
pandemic,5
flu season,5
flu like symptoms,5
flu medicine,5
flu map,5
flu remedies,5
flu vaccination,5
obat flu,5
tamiflu,5
signs of flu,5
flu diarrhea,5
man flu,5
fla flu,0
pneumonia,0
food poisoning,0
flu epidemic,0
1918 flu,0
flu symtoms,0
cold or flu,0


Toppsökningar för cold and flu
the flu,100
cold symptoms,80
cold flu symptoms,80
flu symptoms,80
tylenol cold,40
cold medicine,40
flu medicine,40
what is flu,30
cough and cold,30
flu remedies,25
cold remedies,25
panadol,25
symptoms of flu,25
symptoms of cold,25
cold or flu,20
flu and pregnancy,20
common cold,15
colds and flu,15
flu season,15
codral,15
cold virus,10
flu vs cold,10
alka seltzer cold,10
lemsip,10
flu treatment,10
best flu medicine,10
best cold medicine,10
tylenol severe cold,10
dayquil,10
cold and flue,5
flu like symptoms,5
common cold symptoms,5
beechams,5
coricidin,5
crocin,5
benylin,5



Sökningar på uppåtgående för cold or flu
cold or virus,Tydlig ökning
cold symptoms,Tydlig ökning
cold and flu,+40 %


Sökningar på uppåtgående för flu or cold
cold or virus,Tydlig ökning
cold symptoms,Tydlig ökning
cold and flu,+40 %


Sökningar på uppåtgående för cold
hot n cold,Tydlig ökning
katy perry,Tydlig ökning
hot and cold,+180 %
cold one,+130 %
cold sore,+70 %
baby cold,+60 %
cold symptoms,+60 %
cold medicine,+50 %
cold weather,+50 %
cold remedies,+40 %


Sökningar på uppåtgående för flu
flu 2013,Tydlig ökning
google flu,Tydlig ökning
h1n1,Tydlig ökning
h1n1 flu,Tydlig ökning
swine flu,Tydlig ökning
swine flu vaccine,Tydlig ökning
symptoms swine flu,Tydlig ökning
flu jab,+180 %
symptoms of flu,+100 %
flu symptoms,+80 %


Sökningar på uppåtgående för cold and flu
cold medicine,Tydlig ökning
cold remedies,Tydlig ökning
cough and cold,Tydlig ökning
flu medicine,Tydlig ökning
flu remedies,Tydlig ökning
panadol,Tydlig ökning
what is flu,Tydlig ökning
cold flu symptoms,+150 %
cold symptoms,+150 %
flu symptoms,+140 %



